Timestamp;Frame;RULA_C;Score_A_R;Score_A_L;Score_B;Trunk_Sag;Neck_Sag;UA_Sag_R;LA_Ang_R;UA_Sag_L;LA_Ang_L;Trunk_Fro;Neck_Fro;UA_Fro_R;UA_Fro_L;Wr_Flex_R;Wr_Dev_R;Wr_Flex_L;Wr_Dev_L;Nose_X;Nose_Y;Nose_Z;L_Eye_In_X;L_Eye_In_Y;L_Eye_In_Z;L_Eye_X;L_Eye_Y;L_Eye_Z;L_Eye_Out_X;L_Eye_Out_Y;L_Eye_Out_Z;R_Eye_In_X;R_Eye_In_Y;R_Eye_In_Z;R_Eye_X;R_Eye_Y;R_Eye_Z;R_Eye_Out_X;R_Eye_Out_Y;R_Eye_Out_Z;L_Ear_X;L_Ear_Y;L_Ear_Z;R_Ear_X;R_Ear_Y;R_Ear_Z;Mouth_L_X;Mouth_L_Y;Mouth_L_Z;Mouth_R_X;Mouth_R_Y;Mouth_R_Z;L_Shoulder_X;L_Shoulder_Y;L_Shoulder_Z;R_Shoulder_X;R_Shoulder_Y;R_Shoulder_Z;L_Elbow_X;L_Elbow_Y;L_Elbow_Z;R_Elbow_X;R_Elbow_Y;R_Elbow_Z;L_Wrist_X;L_Wrist_Y;L_Wrist_Z;R_Wrist_X;R_Wrist_Y;R_Wrist_Z;L_Pinky_X;L_Pinky_Y;L_Pinky_Z;R_Pinky_X;R_Pinky_Y;R_Pinky_Z;L_Index_X;L_Index_Y;L_Index_Z;R_Index_X;R_Index_Y;R_Index_Z;L_Thumb_X;L_Thumb_Y;L_Thumb_Z;R_Thumb_X;R_Thumb_Y;R_Thumb_Z;L_Hip_X;L_Hip_Y;L_Hip_Z;R_Hip_X;R_Hip_Y;R_Hip_Z;L_Knee_X;L_Knee_Y;L_Knee_Z;R_Knee_X;R_Knee_Y;R_Knee_Z;L_Ankle_X;L_Ankle_Y;L_Ankle_Z;R_Ankle_X;R_Ankle_Y;R_Ankle_Z;L_Heel_X;L_Heel_Y;L_Heel_Z;R_Heel_X;R_Heel_Y;R_Heel_Z;L_Foot_In_X;L_Foot_In_Y;L_Foot_In_Z;R_Foot_In_X;R_Foot_In_Y;R_Foot_In_Z
00:00:00.666;1;6;6;6;5;-175,663273;-142,967143;-171,829068;41,595130;177,694766;52,760954;175,041509;153,517010;178,030324;171,853088;-21,894416;-12,473081;-18,057122;27,706612;0,068620;-0,193749;-0,027081;0,067512;-0,209029;-0,024545;0,067696;-0,209148;-0,024322;0,067647;-0,209379;-0,024320;0,065857;-0,206975;-0,035483;0,066161;-0,207300;-0,035689;0,066131;-0,207768;-0,035468;0,036512;-0,226333;0,000007;0,029237;-0,219001;-0,053856;0,054771;-0,194188;-0,017252;0,052627;-0,191910;-0,032310;0,029356;-0,173137;0,035796;-0,017299;-0,171462;-0,072964;0,030837;-0,096976;0,047025;-0,006508;-0,080322;-0,081003;0,076564;-0,045550;0,012212;0,052560;-0,027071;-0,079684;0,082960;-0,022154;0,007491;0,063379;-0,004032;-0,088143;0,088754;-0,025485;-0,000742;0,075401;-0,012550;-0,089695;0,079019;-0,042153;0,007310;0,060289;-0,025879;-0,079868;0,024823;0,000615;0,032076;-0,024986;-0,000893;-0,031496;-0,000539;0,143152;0,050647;-0,019287;0,143469;-0,027223;0,006803;0,268092;0,084717;-0,021405;0,281713;-0,013293;0,010608;0,284842;0,084906;-0,020946;0,299097;-0,014926;0,046473;0,304965;0,062920;0,013270;0,320293;-0,054504
00:00:00.700;2;6;6;6;5;-177,017797;-143,491958;-172,498775;43,881891;178,825193;52,790698;175,654484;154,245141;177,382201;172,660859;-20,022487;11,541280;-15,474574;-27,202930;0,109082;-0,320954;-0,039238;0,107005;-0,346242;-0,034310;0,107273;-0,346437;-0,033977;0,107158;-0,346822;-0,033925;0,104251;-0,342743;-0,052306;0,104715;-0,343285;-0,052648;0,104605;-0,344046;-0,052336;0,055539;-0,374492;0,006672;0,042632;-0,361769;-0,081846;0,086142;-0,321535;-0,022939;0,082321;-0,317555;-0,047646;0,043464;-0,286693;0,064407;-0,033568;-0,282914;-0,114890;0,047518;-0,160028;0,080422;-0,018022;-0,131879;-0,129085;0,121434;-0,077981;0,019989;0,082337;-0,046055;-0,128506;0,133432;-0,041643;0,011934;0,102321;-0,009491;-0,142454;0,142853;-0,047785;-0,001743;0,122119;-0,024895;-0,143951;0,125917;-0,073090;0,011832;0,095582;-0,044960;-0,128265;0,040747;0,000911;0,052956;-0,041021;-0,001368;-0,051997;0,000511;0,236254;0,080259;-0,031663;0,236271;-0,044862;0,012149;0,441995;0,132185;-0,036044;0,460881;-0,019249;0,018060;0,469439;0,131993;-0,035942;0,489122;-0,021157;0,077148;0,503209;0,093742;0,020490;0,526764;-0,084975
00:00:00.800;3;6;6;5;5;-177,318910;-142,244100;-173,199811;45,413935;179,394412;53,739610;175,902791;154,597742;177,081848;172,368562;-19,321939;11,189115;-13,164460;29,385199;0,139273;-0,402359;-0,046659;0,137336;-0,434075;-0,040098;0,137628;-0,434318;-0,039687;0,137435;-0,434811;-0,039585;0,134056;-0,429558;-0,062770;0,134599;-0,430243;-0,063201;0,134411;-0,431193;-0,062822;0,072249;-0,470434;0,011110;0,056182;-0,453878;-0,100294;0,109794;-0,403602;-0,026311;0,105024;-0,398430;-0,057418;0,052741;-0,360795;0,083294;-0,042069;-0,355077;-0,142303;0,059486;-0,200841;0,103707;-0,024833;-0,163957;-0,160114;0,152862;-0,101312;0,026406;0,101942;-0,058755;-0,159880;0,169823;-0,058757;0,016989;0,128067;-0,014433;-0,177339;0,182804;-0,066611;-0,000472;0,152875;-0,034607;-0,178210;0,159560;-0,095866;0,016114;0,118697;-0,058092;-0,159084;0,050555;0,000947;0,066623;-0,050911;-0,001523;-0,065418;0,003888;0,296680;0,099644;-0,039463;0,296159;-0,056985;0,016529;0,555004;0,163758;-0,046316;0,576008;-0,025468;0,023493;0,589399;0,163403;-0,046896;0,611177;-0,027515;0,097729;0,632822;0,115021;0,024749;0,660543;-0,105139
00:00:01.100;4;6;6;5;5;-177,595229;-142,263056;-173,320571;46,244346;-179,553034;54,039388;176,123026;154,814076;177,117595;172,575900;-19,093318;11,518296;-13,190431;-30,173707;0,157506;-0,455397;-0,049292;0,155075;-0,491242;-0,041427;0,155384;-0,491517;-0,040963;0,155136;-0,492079;-0,040821;0,151535;-0,486001;-0,067204;0,152121;-0,486779;-0,067684;0,151867;-0,487850;-0,067287;0,080825;-0,532789;0,016165;0,062810;-0,513265;-0,110392;0,123927;-0,457040;-0,026412;0,118560;-0,451006;-0,061767;0,058069;-0,409288;0,096563;-0,048157;-0,400567;-0,158876;0,068482;-0,227358;0,117908;-0,028819;-0,182795;-0,178793;0,173114;-0,116245;0,024093;0,114780;-0,066844;-0,178519;0,193003;-0,069026;0,012608;0,144848;-0,017507;-0,198326;0,206827;-0,077896;-0,007113;0,172878;-0,040663;-0,198544;0,180698;-0,110321;0,012412;0,133800;-0,066586;-0,177262;0,056544;0,000715;0,075578;-0,056953;-0,001367;-0,074207;0,005202;0,335957;0,110374;-0,044188;0,334579;-0,065643;0,014312;0,628860;0,180805;-0,053065;0,650512;-0,032453;0,021175;0,667774;0,180131;-0,054289;0,690173;-0,034796;0,103920;0,718855;0,125003;0,027141;0,747110;-0,119975
00:00:01.200;5;6;4;5;5;-167,771024;-102,667120;-153,034141;70,893659;-168,583156;84,062076;-167,001628;119,310720;154,517564;125,812657;-0,835065;56,690325;-13,916021;61,964459;0,249879;-0,151660;1,008639;0,249169;-0,166555;1,004752;0,248150;-0,165814;1,004024;0,247989;-0,166180;1,004117;0,243523;-0,161139;0,987093;0,240593;-0,160678;0,986085;0,238066;-0,158263;0,992671;0,184787;-0,189308;1,041942;0,159072;-0,171344;0,959115;0,219534;-0,159093;1,032710;0,211746;-0,154010;1,010248;0,159964;-0,157384;1,158058;0,026865;-0,141088;0,926488;0,196096;-0,115646;1,204008;0,038089;-0,085958;0,889732;0,336909;-0,082930;1,093035;0,221199;-0,054423;0,881646;0,364449;-0,062934;1,056324;0,259578;-0,039151;0,876074;0,377776;-0,067685;1,048144;0,288219;-0,050160;0,881785;0,351345;-0,085501;1,062650;0,255897;-0,060535;0,885742;0,121317;-0,047662;1,087522;0,003889;-0,047397;0,978284;0,080314;0,045464;1,154686;0,005762;0,038545;1,015961;0,078198;0,112342;1,215916;-0,012160;0,117959;1,035378;0,067921;0,123318;1,217656;-0,026245;0,132211;1,021154;0,166485;0,139554;1,158610;0,083908;0,147900;0,961273
00:00:02.066;6;3;3;3;3;-6,715710;-71,628848;-38,465763;72,066851;-9,993507;87,939201;-31,074624;41,968963;34,457147;32,426020;-12,306429;-84,755165;29,096976;-51,466493;0,317897;0,065350;1,803061;0,305352;0,051603;1,703300;0,306258;0,052611;1,706290;0,306375;0,051415;1,700050;0,295255;0,056170;1,684453;0,289773;0,057160;1,681263;0,283376;0,060349;1,682091;0,252384;0,038510;1,717309;0,214716;0,054980;1,659655;0,522112;0,291526;3,606564;0,267931;0,044599;1,715799;0,223078;0,010051;1,850781;0,072860;0,030693;1,640270;0,250242;-0,042961;1,872767;0,085906;-0,021889;1,586635;0,370957;-0,060692;1,702612;0,291115;-0,045292;1,568766;0,404460;-0,061244;1,685671;0,334366;-0,053255;1,575725;0,416493;-0,065403;1,681844;0,360733;-0,056143;1,575861;0,400767;-0,070687;1,687655;0,333473;-0,056525;1,572239;0,163267;-0,077942;1,743406;0,045693;-0,076378;1,665300;0,129234;-0,142448;1,834858;0,037311;-0,154849;1,724756;0,118667;-0,221479;1,890110;0,014413;-0,227983;1,728711;0,097140;-0,228160;1,891582;-0,009111;-0,232260;1,706295;0,207332;-0,235345;1,832418;0,122961;-0,240471;1,663977
00:00:02.133;7;4;5;3;3;-7,910552;-60,231169;-27,449550;41,391899;-13,312609;72,439887;-21,688055;-22,287405;-12,268520;32,170645;-26,438147;57,403452;-33,937873;-61,308954;0,398672;0,171460;2,237684;0,393119;0,171982;2,168898;0,392620;0,172649;2,170929;0,392696;0,171872;2,166873;0,384348;0,176055;2,156647;0,379707;0,178925;2,154719;0,373469;0,182199;2,155974;0,342497;0,169286;2,180177;0,311550;0,185673;2,143776;0,522099;0,313382;3,413819;0,353584;0,154018;2,185047;0,278380;0,108128;2,260399;0,159717;0,144601;2,132716;0,341793;0,002711;2,291990;0,217897;0,034524;2,111325;0,472710;-0,049565;2,122329;0,413436;-0,037520;2,045054;0,518155;-0,063593;2,108870;0,460596;-0,061270;2,067261;0,530547;-0,067283;2,103678;0,485735;-0,060398;2,042640;0,509307;-0,065508;2,109643;0,459825;-0,054238;2,037027;0,191478;-0,106866;2,181327;0,075424;-0,099957;2,121379;0,160233;-0,265333;2,281650;0,043434;-0,279470;2,185597;0,143865;-0,438627;2,328949;0,006411;-0,447108;2,190235;0,116163;-0,456801;2,330278;-0,016475;-0,460555;2,159194;0,232775;-0,476833;2,270550;0,108528;-0,487150;2,126416
00:00:02.300;8;3;4;3;3;-5,879871;67,342255;-15,639109;49,685419;-6,076956;76,551855;-22,464809;-78,328753;-12,958938;17,531935;-102,057519;-39,787970;-49,104831;48,306630;0,778221;0,480590;4,403132;0,784146;0,508773;4,360310;0,778572;0,509879;4,366627;0,773041;0,509807;4,367218;0,778741;0,517781;4,353999;0,765075;0,527074;4,362042;0,750640;0,536954;4,374184;0,695019;0,523779;4,400007;0,678314;0,556158;4,397880;0,833246;0,547842;5,163570;0,715510;0,451089;4,370841;0,315610;0,178422;2,582709;0,200592;0,218250;2,440092;0,356317;0,033655;2,608633;0,255281;0,067329;2,440603;0,471740;-0,038051;2,385088;0,451360;-0,028139;2,336935;0,524415;-0,061820;2,377076;0,900279;-0,098851;4,243345;0,534008;-0,058943;2,370760;0,946315;-0,080364;4,239187;0,513016;-0,050538;2,381066;0,892881;-0,058425;4,264162;0,206051;-0,125327;2,459641;0,093942;-0,114394;2,399471;0,179976;-0,344289;2,566269;0,051631;-0,358878;2,475648;0,160281;-0,579935;2,614802;0,003436;-0,590711;2,478752;0,127548;-0,606396;2,618920;-0,018516;-0,638462;2,529859;0,250423;-0,633758;2,555198;0,116188;-0,641684;2,395359
00:00:02.900;9;3;4;3;3;-4,321776;58,530496;-18,055719;47,294332;-4,965469;79,075127;-21,222708;-76,413438;-0,414160;19,598116;-92,563843;5,893116;-31,363555;41,826284;0,927848;0,734661;5,906450;0,937625;0,784201;5,875742;0,934002;0,784920;5,879848;0,926918;0,784525;5,877896;0,924501;0,793082;5,870734;0,900280;0,802372;5,855774;0,643271;0,531752;4,035519;0,588035;0,501132;3,922808;0,560775;0,523838;3,903660;0,946881;0,755326;6,393935;0,855612;0,703168;5,911737;0,331039;0,233758;2,806972;0,204481;0,264848;2,629076;0,372768;0,083215;2,843066;0,252398;0,087262;2,596562;0,485272;0,009160;2,622032;0,461961;-0,017847;2,536701;0,535290;-0,011381;2,593758;1,184123;-0,101278;5,833529;0,541308;-0,007365;2,588483;1,213044;-0,060518;5,842159;0,521882;-0,000684;2,599380;0,768725;-0,035392;3,799160;0,214570;-0,128739;2,642234;0,106399;-0,121029;2,589793;0,192896;-0,391296;2,752503;0,059209;-0,408689;2,666527;0,170755;-0,665215;2,797379;0,004787;-0,685608;2,664058;0,134832;-0,694922;2,804065;-0,017167;-0,735612;2,702069;0,262447;-0,730796;2,746239;0,128205;-0,747693;2,584179
00:00:03.100;10;3;3;3;3;-2,509661;55,004876;-12,340381;62,731904;-1,489151;69,590045;-17,232762;-72,267555;5,833477;22,285425;-82,794745;12,332314;-88,357123;-6,399155;0,741444;0,629430;4,918149;0,741645;0,663276;4,841901;0,738981;0,664444;4,842178;0,734377;0,664188;4,840909;0,728921;0,669963;4,830685;0,709502;0,676419;4,816806;0,538201;0,501511;3,633278;0,501296;0,481673;3,560437;0,468553;0,500716;3,555182;1,020745;0,890190;7,193673;0,677003;0,596296;4,877491;0,335061;0,265161;2,909019;0,187697;0,293195;2,735450;0,379670;0,108677;2,955274;0,208200;0,089482;2,690740;0,795513;0,073506;4,602589;0,468851;-0,011156;2,666549;0,873561;0,063214;4,586088;0,937226;-0,080479;4,829312;0,877514;0,047738;4,582886;0,963280;-0,043216;4,839589;0,846939;0,079240;4,590793;0,669600;-0,021442;3,528542;0,220078;-0,129855;2,760535;0,112411;-0,124330;2,714858;0,201078;-0,420253;2,870486;0,066279;-0,440722;2,788522;0,177556;-0,720614;2,915927;0,011117;-0,748640;2,781597;0,139575;-0,753662;2,924605;-0,016282;-0,800486;2,812457;0,270063;-0,794358;2,868244;0,141504;-0,824754;2,728862
00:00:03.233;11;3;3;3;3;-0,213359;45,528858;-7,582494;68,923428;0,130726;64,190761;-15,945820;-66,089896;10,162498;25,347614;-83,142013;22,009644;-98,432885;18,455676;0,609351;0,557092;4,232488;0,609647;0,586595;4,175580;0,608934;0,588362;4,175357;0,607228;0,588459;4,176259;0,595193;0,592000;4,161241;0,579249;0,597076;4,151042;0,464636;0,484328;3,380987;0,443915;0,470491;3,334402;0,401937;0,486905;3,336413;0,787775;0,719314;5,721553;0,554883;0,529515;4,209129;0,336536;0,286646;2,985634;0,170509;0,311934;2,807249;0,388151;0,125888;3,041629;0,165059;0,091130;2,758251;0,719564;0,065586;4,102506;0,410421;-0,005786;2,726493;0,781675;0,052921;4,073222;0,776743;-0,066960;4,176570;0,784631;0,041689;4,067335;0,760596;-0,029708;4,130556;0,758014;0,066862;4,084726;0,564990;-0,011452;3,281458;0,224252;-0,124913;2,831159;0,115938;-0,121823;2,787070;0,206468;-0,438104;2,948182;0,072052;-0,458733;2,870774;0,179712;-0,755559;2,993277;0,016322;-0,789611;2,857997;0,140436;-0,788820;3,004480;-0,014597;-0,841701;2,881090;0,274101;-0,835238;2,949896;0,150849;-0,873696;2,815995
00:00:04.333;12;3;3;2;3;-0,008701;38,003465;-2,588708;72,352555;-1,874109;80,100247;-14,060971;-60,896022;11,008304;4,570708;-81,130891;6,134803;-10,951750;78,832186;0,549110;0,504254;3,807578;0,552647;0,534462;3,770920;0,550927;0,535455;3,769704;0,549818;0,535518;3,770291;0,540768;0,538787;3,759637;0,528040;0,544104;3,751819;0,451399;0,473060;3,251626;0,429038;0,461733;3,220391;0,391209;0,480576;3,224987;0,654313;0,603309;4,777036;0,499435;0,481942;3,792449;0,333029;0,294123;2,994261;0,171929;0,326822;2,849771;0,347239;0,119470;2,999329;0,145803;0,098901;2,812496;0,606892;0,037955;3,648569;0,380893;-0,003319;2,785484;0,659124;0,016128;3,647228;0,646084;-0,056467;3,789861;0,707577;-0,002382;3,899528;0,631603;-0,022968;3,667389;0,642650;0,027386;3,647462;0,498763;-0,007014;3,118723;0,224293;-0,121437;2,870292;0,120179;-0,117913;2,829967;0,206679;-0,447372;2,983363;0,082949;-0,468906;2,908157;0,176367;-0,778547;3,040250;0,050130;-0,815181;2,903979;0,138307;-0,813735;3,047214;0,002707;-0,864080;2,907720;0,284373;-0,850157;2,967020;0,172186;-0,904846;2,873935
00:00:04.466;13;3;3;2;2;0,927212;15,975053;-5,107259;69,843954;-14,109809;97,989688;-14,113019;-54,679828;11,705163;-15,019402;-76,561876;-6,422623;-11,454984;79,282896;0,507472;0,471736;3,544973;0,510905;0,499179;3,505826;0,509787;0,499825;3,505036;0,507554;0,499446;3,502501;0,501623;0,503708;3,495237;0,490740;0,508905;3,487147;0,438496;0,463551;3,160238;0,415841;0,454534;3,136108;0,381241;0,474047;3,137010;0,564101;0,527721;4,170294;0,459762;0,450696;3,527600;0,325766;0,300574;3,026389;0,173451;0,337715;2,887458;0,320255;0,109495;2,956353;0,151915;0,105743;2,839752;0,535954;0,013273;3,407737;0,384121;-0,003826;2,826059;0,588274;-0,020490;3,450921;0,573376;-0,054576;3,500234;0,621444;-0,029918;3,561327;0,565308;-0,027012;3,387410;0,572964;-0,003259;3,405436;0,474546;-0,011414;3,029158;0,222119;-0,120216;2,894938;0,124099;-0,116522;2,860185;0,206015;-0,454096;3,010824;0,091183;-0,475829;2,934353;0,173158;-0,793996;3,072713;0,070886;-0,830767;2,930283;0,134685;-0,832458;3,075905;0,016077;-0,877979;2,922920;0,289758;-0,873692;3,021539;0,190430;-0,925249;2,912080
00:00:04.700;14;3;3;2;1;0,681269;-0,958295;-6,595415;70,521327;-17,486655;97,471430;-12,094117;-50,428825;10,427587;-17,364250;-71,588968;11,506358;5,131071;68,471403;0,734587;0,699567;5,202297;0,737394;0,748135;5,180969;0,597161;0,606806;4,195801;0,473645;0,478244;3,321390;0,476178;0,480907;3,323378;0,469542;0,492739;3,352823;0,430057;0,459589;3,108367;0,397109;0,451533;3,078065;0,371395;0,469645;3,078809;0,500596;0,479252;3,772448;0,431807;0,431534;3,355771;0,304185;0,304346;3,021475;0,170588;0,340265;2,900910;0,299967;0,104199;2,932733;0,156592;0,103671;2,851430;0,493664;0,021672;3,225321;0,388880;0,004266;2,848748;0,539023;-0,001340;3,252083;0,531903;-0,035033;3,287099;0,572966;0,002631;3,354856;0,525298;-0,007667;3,211789;0,537322;0,019182;3,268596;0,459897;0,004563;2,978220;0,215275;-0,119376;2,909797;0,126590;-0,115568;2,878557;0,203123;-0,457923;3,025101;0,096587;-0,480568;2,952841;0,171145;-0,805535;3,095169;0,085473;-0,840987;2,947690;0,132374;-0,847205;3,095627;0,026881;-0,886364;2,930676;0,286379;-0,887650;3,056280;0,200605;-0,938477;2,943535
00:00:05.366;15;3;3;4;2;0,775444;-11,230725;-8,925067;73,793432;-21,777949;99,740008;-10,629282;-46,311215;9,927280;-19,993320;-51,812067;20,160597;-28,632942;58,113809;0,618884;0,598420;4,441342;0,619982;0,639022;4,413878;0,527637;0,547042;3,772722;0,446083;0,464362;3,202990;0,450082;0,466293;3,205633;0,443283;0,474721;3,222414;0,416277;0,455048;3,061563;0,380067;0,450275;3,044950;0,358022;0,467611;3,046304;0,453621;0,447559;3,512380;0,406419;0,417334;3,239145;0,290673;0,307406;3,024163;0,164565;0,342139;2,911488;0,289630;0,103794;2,914142;0,158410;0,104300;2,855901;0,478602;0,024673;3,177526;0,399595;0,006567;2,918899;0,897894;0,022203;5,571167;0,505500;-0,027639;3,158842;0,855677;0,039857;5,135105;0,508069;-0,003421;3,146749;0,818015;0,050938;5,104049;0,462106;0,007894;3,008425;0,211109;-0,118994;2,923547;0,128302;-0,116090;2,892560;0,198716;-0,460768;3,029476;0,099997;-0,484263;2,961989;0,168609;-0,813742;3,108126;0,095010;-0,846962;2,960452;0,129504;-0,856324;3,102716;0,034958;-0,892560;2,934658;0,282783;-0,895850;3,075882;0,209216;-0,946274;2,961482
00:00:05.533;16;3;3;3;2;0,354960;-11,368732;-8,698359;75,160278;-19,592037;94,822508;-9,255460;-46,578799;10,776725;-20,598740;-54,707650;19,641665;-33,276922;55,526775;0,551069;0,529066;3,944435;0,555316;0,564507;3,920622;0,494273;0,504792;3,504384;0,440203;0,451085;3,134298;0,443819;0,454450;3,135474;0,437082;0,461980;3,145458;0,418355;0,450203;3,040340;0,383549;0,445616;3,026853;0,361672;0,464602;3,028349;0,432007;0,423749;3,344118;0,399120;0,407414;3,166524;0,285625;0,306335;3,006780;0,168194;0,344581;2,919685;0,267215;0,101444;2,902331;0,153590;0,108035;2,863796;0,426511;0,007809;3,109477;0,399437;0,007906;2,920459;1,131161;0,037505;7,078572;0,485170;-0,022801;3,068712;0,737355;0,001281;4,685193;0,520158;-0,004207;3,252495;0,664796;0,020714;4,347242;0,509007;0,008581;3,326917;0,209470;-0,118743;2,932415;0,131631;-0,116508;2,903616;0,195697;-0,462241;3,029867;0,104504;-0,488286;2,971177;0,166980;-0,819176;3,116918;0,100130;-0,850902;2,968944;0,126056;-0,859014;3,095771;0,039152;-0,896879;2,938196;0,280868;-0,900302;3,093396;0,218411;-0,951596;2,977351
00:00:05.600;17;3;3;3;2;0,382090;-17,289525;-8,172213;73,823389;-19,532278;88,704229;-8,951996;-44,397233;11,004625;-22,559400;-53,180588;15,861137;-42,346029;46,006023;0,503705;0,484041;3,613621;0,748562;0,757624;5,283140;0,527581;0,537599;3,744168;0,432615;0,444144;3,086179;0,440743;0,452250;3,120263;0,429274;0,454262;3,091835;0,415745;0,447407;3,021562;0,378418;0,443738;3,008156;0,357690;0,462551;3,008995;0,425146;0,418700;3,308614;0,391940;0,400729;3,117479;0,281043;0,306613;3,004999;0,169320;0,345831;2,922179;0,255861;0,100996;2,895532;0,152452;0,107250;2,867026;0,394934;0,002348;3,038077;0,400987;0,003488;2,902974;1,072245;-0,018224;7,411607;0,473363;-0,026912;2,998947;0,624227;-0,011301;4,053248;0,499311;-0,011697;3,118860;0,570602;0,005531;3,832311;0,485463;0,000803;3,165078;0,207946;-0,118317;2,931635;0,133641;-0,116649;2,907543;0,193729;-0,465391;3,030039;0,107450;-0,494238;2,977594;0,165831;-0,823388;3,120905;0,102451;-0,856279;2,976686;0,125260;-0,864160;3,099349;0,040813;-0,900882;2,940899;0,290276;-0,890528;3,053733;0,224165;-0,955236;2,984816
00:00:05.666;18;3;3;4;2;0,196105;-18,318599;-8,464937;70,986051;-20,907004;82,656533;-7,847957;-42,770176;8,807985;-21,926031;-45,086741;15,224016;-50,051125;38,538875;0,468297;0,456717;3,413141;0,626021;0,642872;4,479295;0,482383;0,499855;3,478963;0,419423;0,438951;3,050170;0,424449;0,446108;3,070383;0,414563;0,448201;3,049881;0,403470;0,444669;3,003136;0,367710;0,442774;2,997730;0,346790;0,461700;2,999540;0,416036;0,416711;3,295778;0,380358;0,396053;3,083019;0,273451;0,307594;3,001019;0,165657;0,345288;2,921343;0,253447;0,100592;2,887901;0,157037;0,106803;2,870836;0,386153;0,001970;2,992564;0,408635;-0,000454;2,901326;1,137315;-0,054351;8,067470;0,470555;-0,032780;2,957871;0,555609;-0,016380;3,647383;0,489424;-0,020786;3,035240;0,513599;-0,001235;3,505309;0,475422;-0,008483;3,066786;0,207231;-0,119269;2,935068;0,135034;-0,117877;2,911925;0,192514;-0,468700;3,031167;0,109277;-0,498797;2,979425;0,165185;-0,826642;3,125438;0,102645;-0,857881;2,975182;0,124855;-0,868304;3,104514;0,041892;-0,903475;2,942626;0,295559;-0,884895;3,030412;0,227988;-0,957943;2,990734
00:00:05.733;19;3;3;4;3;0,552422;-20,844147;-7,994124;71,197178;-21,268198;117,648559;-7,332742;-40,948115;7,441310;-25,156623;-30,795861;13,697607;-2,166432;85,605850;0,441117;0,438084;3,276297;0,545434;0,568447;3,957943;0,450878;0,475373;3,306936;0,409954;0,435785;3,028221;0,411826;0,442266;3,038996;0,403020;0,444470;3,024029;0,392467;0,443145;2,992889;0,359778;0,442290;2,991916;0,336716;0,461532;2,995896;0,396193;0,405526;3,200358;0,369412;0,392876;3,059554;0,269362;0,309241;3,008191;0,158022;0,346137;2,921967;0,241442;0,099294;2,883208;0,153884;0,106619;2,876218;0,548179;-0,011170;4,559693;0,411132;0,005447;2,905087;1,073586;-0,088272;7,984687;0,468013;-0,027170;2,933240;0,720662;-0,046734;5,129960;0,481676;-0,012026;2,979205;0,672680;-0,021972;4,964671;0,466958;-0,000902;2,997257;0,206841;-0,119931;2,938359;0,134866;-0,118665;2,914547;0,191797;-0,471032;3,033056;0,110503;-0,501935;2,981643;0,164629;-0,828063;3,125772;0,102834;-0,859446;2,976013;0,124558;-0,870759;3,107022;0,042598;-0,905244;2,944020;0,298823;-0,897119;3,069519;0,229384;-0,959713;2,994613
00:00:06.066;20;3;4;2;2;2,825808;-14,273353;-6,685144;58,180372;-11,036731;99,779107;-5,496436;-31,526663;9,650650;-3,388751;-24,459953;20,705019;0,345669;87,040019;0,332684;0,439057;3,225610;0,404554;0,532443;3,657986;0,346478;0,475461;3,258255;0,320079;0,446828;3,057769;0,308384;0,451479;3,052773;0,298097;0,453653;3,040570;0,286857;0,454382;3,023397;0,280416;0,451298;3,028283;0,232681;0,469616;3,024844;0,373358;0,632398;4,842673;0,273411;0,403396;3,080457;0,222509;0,317369;3,058939;0,065490;0,351500;2,962819;0,233387;0,105443;3,017133;0,044881;0,105675;2,916420;0,424496;0,092577;4,088051;0,229639;-0,039385;2,931503;0,761203;0,058777;6,291685;0,262591;-0,085018;2,941913;0,527002;0,092190;4,432007;0,287265;-0,078287;2,986100;0,493634;0,103935;4,326554;0,280990;-0,063367;2,996983;0,161905;-0,120362;2,995361;0,074951;-0,119169;2,942519;0,140235;-0,473812;3,094566;0,056362;-0,501176;3,026515;0,103863;-0,818560;3,166680;0,044082;-0,861356;3,047563;0,066069;-0,861804;3,150566;-0,009976;-0,903427;2,989730;0,246419;-0,910177;3,153542;0,175760;-0,961547;3,045565
